{"Mosaics": {"_type": "images/separated", "width": 1280, "height": 1280, "format": "jpg", "count": 10, "filenames": ["media/images/Mosaics_0_5f058479a385db911aba.jpg", "media/images/Mosaics_0_654cd1edbdd125856168.jpg", "media/images/Mosaics_0_474685d18ef11cdebe91.jpg", "media/images/Mosaics_0_510a0793dd9a5d1e2f0f.jpg", "media/images/Mosaics_0_b5575b0bca945c414a6c.jpg", "media/images/Mosaics_0_fd94dc549826a503a9f4.jpg", "media/images/Mosaics_0_fad6855a63ac5f1fc1fb.jpg", "media/images/Mosaics_0_83c297bef9c5bd0bd4f1.jpg", "media/images/Mosaics_0_5dea0acae1f9f8b46183.jpg", "media/images/Mosaics_0_367819e405f400b86297.jpg"], "captions": ["train_batch0.jpg", "train_batch1.jpg", "train_batch2.jpg", "train_batch3.jpg", "train_batch4.jpg", "train_batch5.jpg", "train_batch6.jpg", "train_batch7.jpg", "train_batch8.jpg", "train_batch9.jpg"]}, "train/box_loss": 0.02465752139687538, "train/obj_loss": 0.022040951997041702, "train/cls_loss": 0.004321014508605003, "metrics/precision": 0.8634156244065968, "metrics/recall": 0.7730811833644827, "metrics/mAP_0.5": 0.857495036484293, "metrics/mAP_0.5:0.95": 0.6518225212975766, "val/box_loss": 0.041559550911188126, "val/obj_loss": 0.03585924953222275, "val/cls_loss": 0.010033741593360901, "x/lr0": 0.00027334923903636686, "x/lr1": 0.00027334923903636686, "x/lr2": 0.07437334923903638, "_timestamp": 1702441527.8594182, "_runtime": 5195.541850090027, "_step": 20, "Bounding Box Debugger/Images": {"_type": "images/separated", "width": 672, "height": 448, "format": "png", "count": 16, "filenames": ["media/images/Bounding Box Debugger/Images_19_4e09ac10fdda77ed35db.png", "media/images/Bounding Box Debugger/Images_19_6a3a0266a35e3eb27dbe.png", "media/images/Bounding Box Debugger/Images_19_4d051fed113cb710ac8c.png", "media/images/Bounding Box Debugger/Images_19_aecae9934d73212f5bcc.png", "media/images/Bounding Box Debugger/Images_19_b4b5e8028d2925349d68.png", "media/images/Bounding Box Debugger/Images_19_493946b8ed206a1ee43b.png", "media/images/Bounding Box Debugger/Images_19_3036ab420cb18ebf1990.png", "media/images/Bounding Box Debugger/Images_19_72ef2d2ded43b3af3fba.png", "media/images/Bounding Box Debugger/Images_19_294a3d00181311be8052.png", "media/images/Bounding Box Debugger/Images_19_d96310fdfec7843e2aca.png", "media/images/Bounding Box Debugger/Images_19_74b57c02ce8028310143.png", "media/images/Bounding Box Debugger/Images_19_9651a621eea4d908cc57.png", "media/images/Bounding Box Debugger/Images_19_aad804fadca9f966ba91.png", "media/images/Bounding Box Debugger/Images_19_d6f2e49a97ff0d4aa316.png", "media/images/Bounding Box Debugger/Images_19_8e0d03fc5a22da5af75d.png", "media/images/Bounding Box Debugger/Images_19_27427aa62964c00a4a44.png"], "captions": ["000000000357.jpg", "000000000472.jpg", "000000000597.jpg", "000000000338.jpg", "000000000428.jpg", "000000000431.jpg", "000000000491.jpg", "000000000488.jpg", "000000000599.jpg", "000000000109.jpg", "000000000247.jpg", "000000000359.jpg", "000000000034.jpg", "000000000540.jpg", "000000000081.jpg", "000000000025.jpg"], "all_boxes": [{"predictions": {"_type": "boxes2D", "sha256": "a2d2d1498ba7833c00695393cdb48d2e1edfe9bc12ae28d83c0752aff5e36d13", "size": 57817, "path": "media/metadata/boxes2D/Bounding Box Debugger/Images_19_a2d2d1498ba7833c0069.boxes2D.json"}}, {"predictions": {"_type": "boxes2D", "sha256": "e517270e29ce21c3ed82be89c1950f15fb13f7718199a4ef203bfa4b666376d5", "size": 3664, "path": "media/metadata/boxes2D/Bounding Box Debugger/Images_19_e517270e29ce21c3ed82.boxes2D.json"}}, {"predictions": {"_type": "boxes2D", "sha256": "e240914eb05d64e0742747476f19fa2abff91744744acc5c2e2be119cf6f72f3", "size": 23484, "path": "media/metadata/boxes2D/Bounding Box Debugger/Images_19_e240914eb05d64e07427.boxes2D.json"}}, {"predictions": {"_type": "boxes2D", "sha256": "c2ea7a2dd250cf75a8d2f381c87be1a982dd45919e3729cbcb9c905381733e41", "size": 46887, "path": "media/metadata/boxes2D/Bounding Box Debugger/Images_19_c2ea7a2dd250cf75a8d2.boxes2D.json"}}, {"predictions": {"_type": "boxes2D", "sha256": "ff8fde64fd6f50b84f43a69a527b71b40766ef6c86c65492405bf564fed8bfdb", "size": 6726, "path": "media/metadata/boxes2D/Bounding Box Debugger/Images_19_ff8fde64fd6f50b84f43.boxes2D.json"}}, {"predictions": {"_type": "boxes2D", "sha256": "06b33dfd76f2c513f0fd5bd47c58646cd8de1244cfdd076b6b682cec7d7dda5f", "size": 3107, "path": "media/metadata/boxes2D/Bounding Box Debugger/Images_19_06b33dfd76f2c513f0fd.boxes2D.json"}}, {"predictions": {"_type": "boxes2D", "sha256": "93f64608debf4566a7eccd6532cadc8ed074a808be542ee302d40c0a2244cff2", "size": 11329, "path": "media/metadata/boxes2D/Bounding Box Debugger/Images_19_93f64608debf4566a7ec.boxes2D.json"}}, {"predictions": {"_type": "boxes2D", "sha256": "becf8741d50b8558c6abd8ac7da8cee15375fb818bfba71060ea5a83b71fad4d", "size": 27219, "path": "media/metadata/boxes2D/Bounding Box Debugger/Images_19_becf8741d50b8558c6ab.boxes2D.json"}}, {"predictions": {"_type": "boxes2D", "sha256": "bad24cd03e282c4a2ecf1ab929d9970ac619ffd4216e100a3aeacc8114c88b19", "size": 7693, "path": "media/metadata/boxes2D/Bounding Box Debugger/Images_19_bad24cd03e282c4a2ecf.boxes2D.json"}}, {"predictions": {"_type": "boxes2D", "sha256": "f10b9bf3b40741952dc56498c0cd7e6fdffba09ef59c3c595b70998b7c3d1d0e", "size": 59269, "path": "media/metadata/boxes2D/Bounding Box Debugger/Images_19_f10b9bf3b40741952dc5.boxes2D.json"}}, {"predictions": {"_type": "boxes2D", "sha256": "0e4ccb1e1969af7043c4764aedb74f3f5dbf08c6cd959acde34da9de73a32692", "size": 32809, "path": "media/metadata/boxes2D/Bounding Box Debugger/Images_19_0e4ccb1e1969af7043c4.boxes2D.json"}}, {"predictions": {"_type": "boxes2D", "sha256": "844209b7118e6864d5e52d9f88bed4d35f590501d78e1649c1f9f63b59abd151", "size": 6648, "path": "media/metadata/boxes2D/Bounding Box Debugger/Images_19_844209b7118e6864d5e5.boxes2D.json"}}, {"predictions": {"_type": "boxes2D", "sha256": "758700af3a31179599155b03bd2da03a9483438b657a4e98438cc31132eaade6", "size": 2708, "path": "media/metadata/boxes2D/Bounding Box Debugger/Images_19_758700af3a3117959915.boxes2D.json"}}, {"predictions": {"_type": "boxes2D", "sha256": "e85fa95561d36b41ec0400417e4ccebceb6fc5ea4ce0fc47a63658502d6c184b", "size": 58096, "path": "media/metadata/boxes2D/Bounding Box Debugger/Images_19_e85fa95561d36b41ec04.boxes2D.json"}}, {"predictions": {"_type": "boxes2D", "sha256": "ae05dbcdfde75e9808c031d9895ac47201bc27f41e6243ee2af64a9aec3281c7", "size": 1549, "path": "media/metadata/boxes2D/Bounding Box Debugger/Images_19_ae05dbcdfde75e9808c0.boxes2D.json"}}, {"predictions": {"_type": "boxes2D", "sha256": "16bbaa17f1f68212cd98050c02dda331438e4d9c830d9a87b250231a91ba5907", "size": 4094, "path": "media/metadata/boxes2D/Bounding Box Debugger/Images_19_16bbaa17f1f68212cd98.boxes2D.json"}}]}, "Validation": {"_type": "images/separated", "width": 1280, "height": 854, "format": "jpg", "count": 6, "filenames": ["media/images/Validation_19_bf4cbaafba9d89349e76.jpg", "media/images/Validation_19_51a1e6475e3ba139d23d.jpg", "media/images/Validation_19_1a9060ba6e32e4183502.jpg", "media/images/Validation_19_27c89b05ad1d2ffc4376.jpg", "media/images/Validation_19_cc2a2fe2418db46ca4e3.jpg", "media/images/Validation_19_15c7cb0dc9d1f8e90967.jpg"], "captions": ["test_batch0_labels.jpg", "test_batch0_pred.jpg", "test_batch1_labels.jpg", "test_batch1_pred.jpg", "test_batch2_labels.jpg", "test_batch2_pred.jpg"]}, "Results": {"_type": "images/separated", "width": 2400, "height": 1200, "format": "png", "count": 6, "filenames": ["media/images/Results_20_aab895f52c363f9fb2f8.png", "media/images/Results_20_6e9eff4bd4d1fab2523e.png", "media/images/Results_20_9a440e4fe95aae036d60.png", "media/images/Results_20_f94455d321da75651eaa.png", "media/images/Results_20_76b0f8aa9ca3f0d2724f.png", "media/images/Results_20_07bd9ec9f2774ddee06f.png"], "captions": ["results.png", "confusion_matrix.png", "F1_curve.png", "PR_curve.png", "P_curve.png", "R_curve.png"]}, "_wandb": {"runtime": 5194}}