{"train/box_loss": 0.024512091651558876, "train/obj_loss": 0.02145979180932045, "train/cls_loss": 0.0038371749687939882, "metrics/precision": 0.8155988306171054, "metrics/recall": 0.7886390618531267, "metrics/mAP_0.5": 0.8494106850492875, "metrics/mAP_0.5:0.95": 0.6562477500079665, "val/box_loss": 0.04034392163157463, "val/obj_loss": 0.03487008064985275, "val/cls_loss": 0.009677193127572536, "x/lr0": 0.00018891704165061648, "x/lr1": 0.00018891704165061648, "x/lr2": 0.08228891704165062, "_timestamp": 1702448111.241437, "_runtime": 6038.500674962997, "_step": 20, "Mosaics": {"_type": "images/separated", "width": 1280, "height": 1280, "format": "jpg", "count": 10, "filenames": ["media/images/Mosaics_1_6b6e946bd3e2ea837898.jpg", "media/images/Mosaics_1_ce26685361a6c91d59c4.jpg", "media/images/Mosaics_1_f5f807cc46155c0cf39f.jpg", "media/images/Mosaics_1_af648bde4d67790d09f7.jpg", "media/images/Mosaics_1_f1b0d9b3ed5fc9c3ab57.jpg", "media/images/Mosaics_1_5e1b206cea9e4e7db9a6.jpg", "media/images/Mosaics_1_2ccbbafb5ae451667dc7.jpg", "media/images/Mosaics_1_7c7930a3c82d54714f04.jpg", "media/images/Mosaics_1_81167275599ea1ca8bbc.jpg", "media/images/Mosaics_1_d889b177c4ecf0798775.jpg"], "captions": ["train_batch0.jpg", "train_batch1.jpg", "train_batch2.jpg", "train_batch3.jpg", "train_batch4.jpg", "train_batch5.jpg", "train_batch6.jpg", "train_batch7.jpg", "train_batch8.jpg", "train_batch9.jpg"]}, "Bounding Box Debugger/Images": {"_type": "images/separated", "width": 672, "height": 448, "format": "png", "count": 16, "filenames": ["media/images/Bounding Box Debugger/Images_19_4e09ac10fdda77ed35db.png", "media/images/Bounding Box Debugger/Images_19_6a3a0266a35e3eb27dbe.png", "media/images/Bounding Box Debugger/Images_19_4d051fed113cb710ac8c.png", "media/images/Bounding Box Debugger/Images_19_aecae9934d73212f5bcc.png", "media/images/Bounding Box Debugger/Images_19_b4b5e8028d2925349d68.png", "media/images/Bounding Box Debugger/Images_19_493946b8ed206a1ee43b.png", "media/images/Bounding Box Debugger/Images_19_3036ab420cb18ebf1990.png", "media/images/Bounding Box Debugger/Images_19_72ef2d2ded43b3af3fba.png", "media/images/Bounding Box Debugger/Images_19_294a3d00181311be8052.png", "media/images/Bounding Box Debugger/Images_19_d96310fdfec7843e2aca.png", "media/images/Bounding Box Debugger/Images_19_74b57c02ce8028310143.png", "media/images/Bounding Box Debugger/Images_19_9651a621eea4d908cc57.png", "media/images/Bounding Box Debugger/Images_19_aad804fadca9f966ba91.png", "media/images/Bounding Box Debugger/Images_19_d6f2e49a97ff0d4aa316.png", "media/images/Bounding Box Debugger/Images_19_8e0d03fc5a22da5af75d.png", "media/images/Bounding Box Debugger/Images_19_27427aa62964c00a4a44.png"], "captions": ["000000000357.jpg", "000000000472.jpg", "000000000597.jpg", "000000000338.jpg", "000000000428.jpg", "000000000431.jpg", "000000000491.jpg", "000000000488.jpg", "000000000599.jpg", "000000000109.jpg", "000000000247.jpg", "000000000359.jpg", "000000000034.jpg", "000000000540.jpg", "000000000081.jpg", "000000000025.jpg"], "all_boxes": [{"predictions": {"_type": "boxes2D", "sha256": "d8f6b58d6eae9b9fc8dcbcd6e88dc809422034e0cba575e7f78afe675c9b896f", "size": 60192, "path": "media/metadata/boxes2D/Bounding Box Debugger/Images_19_d8f6b58d6eae9b9fc8dc.boxes2D.json"}}, {"predictions": {"_type": "boxes2D", "sha256": "76eb1121004e1a2aab65b49c23ec0a6d13547167ab4fefb84831298b99d4af1a", "size": 4066, "path": "media/metadata/boxes2D/Bounding Box Debugger/Images_19_76eb1121004e1a2aab65.boxes2D.json"}}, {"predictions": {"_type": "boxes2D", "sha256": "3fed51d24fc2e16ea7539ea263d58f10bd8198b6c6c8cb7f248fee19d4becb7d", "size": 20763, "path": "media/metadata/boxes2D/Bounding Box Debugger/Images_19_3fed51d24fc2e16ea753.boxes2D.json"}}, {"predictions": {"_type": "boxes2D", "sha256": "1ce3682c6accfe2f84e4120169ef523e004eed49525d689d5ce1b6faacf1c5ce", "size": 43211, "path": "media/metadata/boxes2D/Bounding Box Debugger/Images_19_1ce3682c6accfe2f84e4.boxes2D.json"}}, {"predictions": {"_type": "boxes2D", "sha256": "208a2388e08cf615bb9a059de1c64f38de5845c196578df3ff742cfebdb9bed6", "size": 6897, "path": "media/metadata/boxes2D/Bounding Box Debugger/Images_19_208a2388e08cf615bb9a.boxes2D.json"}}, {"predictions": {"_type": "boxes2D", "sha256": "7d2cccf97b2b98f4e0c6af501d80fd2f0c0c57bb5f237fe18cb9d842a8fa24b4", "size": 3300, "path": "media/metadata/boxes2D/Bounding Box Debugger/Images_19_7d2cccf97b2b98f4e0c6.boxes2D.json"}}, {"predictions": {"_type": "boxes2D", "sha256": "c4776fd87e33c565bb23c1da9ea8abb4f271f3b874c6033021888739eebd2186", "size": 11712, "path": "media/metadata/boxes2D/Bounding Box Debugger/Images_19_c4776fd87e33c565bb23.boxes2D.json"}}, {"predictions": {"_type": "boxes2D", "sha256": "09821806af3e05a4af7e8f30ba470a0bfc79c33a66e3786545b7f1bd535ba76f", "size": 28185, "path": "media/metadata/boxes2D/Bounding Box Debugger/Images_19_09821806af3e05a4af7e.boxes2D.json"}}, {"predictions": {"_type": "boxes2D", "sha256": "569369519dabd1d304c6cd14c40f35713a8ee9b18f95836f259574cefb7abf10", "size": 8248, "path": "media/metadata/boxes2D/Bounding Box Debugger/Images_19_569369519dabd1d304c6.boxes2D.json"}}, {"predictions": {"_type": "boxes2D", "sha256": "b63c1231ccb1b1b71ec2275020c8cfcf0cf0c3b76dd1567bd1528268a2c639ce", "size": 59149, "path": "media/metadata/boxes2D/Bounding Box Debugger/Images_19_b63c1231ccb1b1b71ec2.boxes2D.json"}}, {"predictions": {"_type": "boxes2D", "sha256": "c0cb1617e7499a063db80d284e156d07cdbd82994dbe97570c03f138f9e17ea1", "size": 33546, "path": "media/metadata/boxes2D/Bounding Box Debugger/Images_19_c0cb1617e7499a063db8.boxes2D.json"}}, {"predictions": {"_type": "boxes2D", "sha256": "2aae98cd1a08f9341f512fb9bbb8389eed93f1e85a40873e0a1647d07e8fb697", "size": 5672, "path": "media/metadata/boxes2D/Bounding Box Debugger/Images_19_2aae98cd1a08f9341f51.boxes2D.json"}}, {"predictions": {"_type": "boxes2D", "sha256": "c0e332de83dad445f395351562d950c72e07d0b032166096900c89b3db6c3436", "size": 2706, "path": "media/metadata/boxes2D/Bounding Box Debugger/Images_19_c0e332de83dad445f395.boxes2D.json"}}, {"predictions": {"_type": "boxes2D", "sha256": "7d16416bf96cf6ed6a13cddd41da9df1be4d33b155153289662050c0b6c25240", "size": 58077, "path": "media/metadata/boxes2D/Bounding Box Debugger/Images_19_7d16416bf96cf6ed6a13.boxes2D.json"}}, {"predictions": {"_type": "boxes2D", "sha256": "8fa40994b2e714bbc0e6e67bdce4ffb23b0f255c5ec9188522f1ebe27c1c1946", "size": 1545, "path": "media/metadata/boxes2D/Bounding Box Debugger/Images_19_8fa40994b2e714bbc0e6.boxes2D.json"}}, {"predictions": {"_type": "boxes2D", "sha256": "09e3d86568989359053f6fe13448a5f4b905ce5f9a86caa55c8bf3419b54cd32", "size": 5081, "path": "media/metadata/boxes2D/Bounding Box Debugger/Images_19_09e3d86568989359053f.boxes2D.json"}}]}, "Validation": {"_type": "images/separated", "width": 1280, "height": 854, "format": "jpg", "count": 6, "filenames": ["media/images/Validation_19_bf4cbaafba9d89349e76.jpg", "media/images/Validation_19_16e7411640eec2af7110.jpg", "media/images/Validation_19_4c66f5832a7c2c705826.jpg", "media/images/Validation_19_3dcc73402d41eced105d.jpg", "media/images/Validation_19_1b7e5e97f85dc89e9c5d.jpg", "media/images/Validation_19_cc4697d06bd2d284a080.jpg"], "captions": ["test_batch0_labels.jpg", "test_batch0_pred.jpg", "test_batch1_labels.jpg", "test_batch1_pred.jpg", "test_batch2_labels.jpg", "test_batch2_pred.jpg"]}, "Results": {"_type": "images/separated", "width": 2400, "height": 1200, "format": "png", "count": 6, "filenames": ["media/images/Results_20_8fee4b51b658569f3059.png", "media/images/Results_20_3ad2e4f6c2893c2cdc5d.png", "media/images/Results_20_796e6e01dc120066845c.png", "media/images/Results_20_7c98b91ed8a2f0721001.png", "media/images/Results_20_962ca920b6e7ac4b07c9.png", "media/images/Results_20_f04e8d9bc365cfd438c8.png"], "captions": ["results.png", "confusion_matrix.png", "F1_curve.png", "PR_curve.png", "P_curve.png", "R_curve.png"]}, "_wandb": {"runtime": 6037}}