{"Mosaics": {"_type": "images/separated", "width": 1280, "height": 1280, "format": "jpg", "count": 10, "filenames": ["media/images/Mosaics_0_5f058479a385db911aba.jpg", "media/images/Mosaics_0_654cd1edbdd125856168.jpg", "media/images/Mosaics_0_474685d18ef11cdebe91.jpg", "media/images/Mosaics_0_510a0793dd9a5d1e2f0f.jpg", "media/images/Mosaics_0_b5575b0bca945c414a6c.jpg", "media/images/Mosaics_0_fd94dc549826a503a9f4.jpg", "media/images/Mosaics_0_fad6855a63ac5f1fc1fb.jpg", "media/images/Mosaics_0_83c297bef9c5bd0bd4f1.jpg", "media/images/Mosaics_0_5dea0acae1f9f8b46183.jpg", "media/images/Mosaics_0_367819e405f400b86297.jpg"], "captions": ["train_batch0.jpg", "train_batch1.jpg", "train_batch2.jpg", "train_batch3.jpg", "train_batch4.jpg", "train_batch5.jpg", "train_batch6.jpg", "train_batch7.jpg", "train_batch8.jpg", "train_batch9.jpg"]}, "train/box_loss": 0.02640322595834732, "train/obj_loss": 0.02493101917207241, "train/cls_loss": 0.00588731374591589, "metrics/precision": 0.8148690963908314, "metrics/recall": 0.7116558350782292, "metrics/mAP_0.5": 0.8138228041621929, "metrics/mAP_0.5:0.95": 0.6130379223682334, "val/box_loss": 0.042419638484716415, "val/obj_loss": 0.036721449345350266, "val/cls_loss": 0.010845604352653027, "x/lr0": 0.00012000000000000002, "x/lr1": 0.00012000000000000002, "x/lr2": 0.09892000000000001, "_timestamp": 1702435509.7845163, "_runtime": 322.3853714466095, "_step": 0}